-- MySQL dump 10.13  Distrib 5.7.20, for Linux (x86_64)
--
-- Host: localhost    Database: nagoya
-- ------------------------------------------------------
-- Server version	5.7.20-0ubuntu0.16.04.1

/*!40101 SET @OLD_CHARACTER_SET_CLIENT=@@CHARACTER_SET_CLIENT */;
/*!40101 SET @OLD_CHARACTER_SET_RESULTS=@@CHARACTER_SET_RESULTS */;
/*!40101 SET @OLD_COLLATION_CONNECTION=@@COLLATION_CONNECTION */;
/*!40101 SET NAMES utf8 */;
/*!40103 SET @OLD_TIME_ZONE=@@TIME_ZONE */;
/*!40103 SET TIME_ZONE='+00:00' */;
/*!40014 SET @OLD_UNIQUE_CHECKS=@@UNIQUE_CHECKS, UNIQUE_CHECKS=0 */;
/*!40014 SET @OLD_FOREIGN_KEY_CHECKS=@@FOREIGN_KEY_CHECKS, FOREIGN_KEY_CHECKS=0 */;
/*!40101 SET @OLD_SQL_MODE=@@SQL_MODE, SQL_MODE='NO_AUTO_VALUE_ON_ZERO' */;
/*!40111 SET @OLD_SQL_NOTES=@@SQL_NOTES, SQL_NOTES=0 */;

--
-- Table structure for table `locations`
--

DROP TABLE IF EXISTS `locations`;
/*!40101 SET @saved_cs_client     = @@character_set_client */;
/*!40101 SET character_set_client = utf8 */;
CREATE TABLE `locations` (
  `location_id` int(11) NOT NULL AUTO_INCREMENT,
  `location_name` varchar(45) DEFAULT NULL,
  `current_owner_id` int(11) DEFAULT NULL,
  `last_updated_time` datetime DEFAULT NULL,
  `last_price` int(11) DEFAULT NULL,
  PRIMARY KEY (`location_id`)
) ENGINE=InnoDB AUTO_INCREMENT=12 DEFAULT CHARSET=utf8;
/*!40101 SET character_set_client = @saved_cs_client */;

--
-- Dumping data for table `locations`
--

LOCK TABLES `locations` WRITE;
/*!40000 ALTER TABLE `locations` DISABLE KEYS */;
INSERT INTO `locations` VALUES (1,'Nagoya Castle',9,'2017-11-15 07:01:12',100),(2,'Nagoya TV Tower',6,'2017-11-15 07:01:45',120),(3,'Oasis 21',14,'2017-11-15 07:03:25',120),(4,'Tokugawa Park',12,'2017-11-15 05:47:54',100),(5,'Shiroyamahachimangu',3,'2017-11-15 06:55:22',100),(6,'Tamotsu Chiyo Inari Shrine',7,'2017-11-15 06:53:59',100),(7,'Kosho ji',15,'2017-11-15 06:30:01',100),(8,'Osu Kannon',13,'2017-11-15 06:29:09',120),(9,'Tsuruma Park',15,'2017-11-15 06:52:14',120),(10,'Atsuta Jingu',11,'2017-11-15 07:02:35',100),(11,'Shirotori Garden',5,'2017-11-15 07:02:23',100);
/*!40000 ALTER TABLE `locations` ENABLE KEYS */;
UNLOCK TABLES;

--
-- Table structure for table `teams`
--

DROP TABLE IF EXISTS `teams`;
/*!40101 SET @saved_cs_client     = @@character_set_client */;
/*!40101 SET character_set_client = utf8 */;
CREATE TABLE `teams` (
  `team_id` int(11) NOT NULL AUTO_INCREMENT,
  `team_leader` varchar(45) DEFAULT NULL,
  `current_balance` int(11) DEFAULT NULL,
  `team_passcode` varchar(45) DEFAULT NULL,
  PRIMARY KEY (`team_id`)
) ENGINE=InnoDB AUTO_INCREMENT=16 DEFAULT CHARSET=utf8;
/*!40101 SET character_set_client = @saved_cs_client */;

--
-- Dumping data for table `teams`
--

LOCK TABLES `teams` WRITE;
/*!40000 ALTER TABLE `teams` DISABLE KEYS */;
INSERT INTO `teams` VALUES (0,'BillZhuang',2354,'WeLoveBillZhuang'),(1,'Joanna',1344,'Team1-Hikari102'),(2,'Rainy',1407,'Team2-Kodama220'),(3,'Adriana',977,'Team3-Hamanasu029'),(4,'Ryan',1130,'Team4-Hayate086'),(5,'Cindy',1039,'Team5-Mizuho328'),(6,'Rommel',876,'Team6-Komachi202'),(7,'Ethan',964,'Team7-Hayabusa592'),(8,'Howl',1130,'Team8-Nozomi187'),(9,'Fanghua',1045,'Team9-Hokutosei096'),(10,'Jed',1583,'Team10-Izumo333'),(11,'Lin',1024,'Team11-Haruka134'),(12,'Teddy',907,'Team12-Kuroshio875'),(13,'Adrian',1167,'Team13-Tsugaru920'),(14,'Qiang',913,'Team14-Tokai663'),(15,'Jay',570,'Team15-Hida002');
/*!40000 ALTER TABLE `teams` ENABLE KEYS */;
UNLOCK TABLES;

--
-- Table structure for table `transactions`
--

DROP TABLE IF EXISTS `transactions`;
/*!40101 SET @saved_cs_client     = @@character_set_client */;
/*!40101 SET character_set_client = utf8 */;
CREATE TABLE `transactions` (
  `transaction_id` int(11) NOT NULL AUTO_INCREMENT,
  `transaction_type` varchar(45) DEFAULT NULL,
  `transaction_amount` int(11) DEFAULT NULL,
  `transaction_from_id` int(11) DEFAULT NULL,
  `transaction_to_id` int(11) DEFAULT NULL,
  `transaction_location_id` int(11) DEFAULT NULL,
  `transaction_time` datetime DEFAULT NULL,
  PRIMARY KEY (`transaction_id`)
) ENGINE=InnoDB AUTO_INCREMENT=266 DEFAULT CHARSET=utf8;
/*!40101 SET character_set_client = @saved_cs_client */;

--
-- Dumping data for table `transactions`
--

LOCK TABLES `transactions` WRITE;
/*!40000 ALTER TABLE `transactions` DISABLE KEYS */;
INSERT INTO `transactions` VALUES (1,'BONUS',20,0,13,3,'2017-11-15 00:34:01'),(2,'BONUS',30,0,13,3,'2017-11-15 00:34:01'),(3,'PURCHASE',132,13,0,3,'2017-11-15 00:34:02'),(4,'BONUS',20,0,11,2,'2017-11-15 00:35:37'),(5,'BONUS',30,0,11,2,'2017-11-15 00:35:37'),(6,'PURCHASE',132,11,0,2,'2017-11-15 00:35:37'),(7,'BONUS',20,0,15,8,'2017-11-15 00:36:37'),(8,'BONUS',30,0,15,8,'2017-11-15 00:36:37'),(9,'PURCHASE',132,15,0,8,'2017-11-15 00:36:37'),(10,'BONUS',20,0,10,1,'2017-11-15 00:37:47'),(11,'BONUS',30,0,10,1,'2017-11-15 00:37:47'),(12,'PURCHASE',110,10,0,1,'2017-11-15 00:37:47'),(13,'BONUS',20,0,5,2,'2017-11-15 00:38:29'),(14,'PURCHASE',132,5,11,2,'2017-11-15 00:38:29'),(15,'BONUS',20,0,3,8,'2017-11-15 00:39:28'),(16,'PURCHASE',132,3,15,8,'2017-11-15 00:39:28'),(17,'BONUS',20,0,8,9,'2017-11-15 00:41:39'),(18,'BONUS',30,0,8,9,'2017-11-15 00:41:39'),(19,'PURCHASE',132,8,0,9,'2017-11-15 00:41:39'),(20,'BONUS',20,0,13,2,'2017-11-15 00:42:13'),(21,'PURCHASE',132,13,5,2,'2017-11-15 00:42:13'),(22,'BONUS',20,0,7,10,'2017-11-15 00:44:53'),(23,'BONUS',30,0,7,10,'2017-11-15 00:44:53'),(24,'PURCHASE',110,7,0,10,'2017-11-15 00:44:53'),(25,'BONUS',20,0,1,7,'2017-11-15 00:48:31'),(26,'BONUS',30,0,1,7,'2017-11-15 00:48:31'),(27,'PURCHASE',110,1,0,7,'2017-11-15 00:48:31'),(28,'BONUS',20,0,12,7,'2017-11-15 00:51:25'),(29,'PURCHASE',110,12,1,7,'2017-11-15 00:51:25'),(30,'BONUS',20,0,2,1,'2017-11-15 00:54:09'),(31,'PURCHASE',110,2,10,1,'2017-11-15 00:54:09'),(32,'BONUS',20,0,11,1,'2017-11-15 00:57:05'),(33,'PURCHASE',110,11,2,1,'2017-11-15 00:57:05'),(34,'BONUS',20,0,3,9,'2017-11-15 00:58:02'),(35,'PURCHASE',132,3,8,9,'2017-11-15 00:58:02'),(36,'BONUS',20,0,4,7,'2017-11-15 00:58:28'),(37,'PURCHASE',110,4,12,7,'2017-11-15 00:58:28'),(38,'BONUS',20,0,14,10,'2017-11-15 00:58:49'),(39,'PURCHASE',110,14,7,10,'2017-11-15 00:58:49'),(40,'BONUS',20,0,5,3,'2017-11-15 00:59:55'),(41,'PURCHASE',132,5,13,3,'2017-11-15 00:59:55'),(42,'PURCHASE',132,5,13,2,'2017-11-15 01:00:02'),(43,'PURCHASE',110,12,4,7,'2017-11-15 01:00:14'),(44,'BONUS',20,0,15,9,'2017-11-15 01:00:30'),(45,'PURCHASE',132,15,3,9,'2017-11-15 01:00:30'),(46,'BONUS',20,0,6,7,'2017-11-15 01:01:31'),(47,'PURCHASE',121,6,12,7,'2017-11-15 01:01:31'),(48,'BONUS',20,0,9,4,'2017-11-15 01:02:31'),(49,'BONUS',30,0,9,4,'2017-11-15 01:02:31'),(50,'PURCHASE',121,9,0,4,'2017-11-15 01:02:31'),(51,'BONUS',20,0,7,11,'2017-11-15 01:14:38'),(52,'BONUS',30,0,7,11,'2017-11-15 01:14:38'),(53,'PURCHASE',121,7,0,11,'2017-11-15 01:14:38'),(54,'PURCHASE',145,3,15,9,'2017-11-15 01:18:28'),(55,'BONUS',20,0,10,5,'2017-11-15 01:21:05'),(56,'BONUS',30,0,10,5,'2017-11-15 01:21:05'),(57,'PURCHASE',121,10,0,5,'2017-11-15 01:21:05'),(58,'BONUS',20,0,14,7,'2017-11-15 01:27:56'),(59,'PURCHASE',121,14,6,7,'2017-11-15 01:27:56'),(60,'BONUS',20,0,1,5,'2017-11-15 01:28:15'),(61,'PURCHASE',121,1,10,5,'2017-11-15 01:28:15'),(62,'BONUS',20,0,5,1,'2017-11-15 01:29:23'),(63,'PURCHASE',121,5,11,1,'2017-11-15 01:29:23'),(64,'PURCHASE',145,15,3,9,'2017-11-15 01:29:46'),(65,'PURCHASE',121,2,5,1,'2017-11-15 01:30:01'),(66,'BONUS',20,0,13,1,'2017-11-15 01:30:18'),(67,'PURCHASE',133,13,2,1,'2017-11-15 01:30:18'),(68,'BONUS',20,0,12,5,'2017-11-15 01:40:58'),(69,'PURCHASE',133,12,1,5,'2017-11-15 01:40:58'),(70,'BONUS',20,0,11,4,'2017-11-15 01:45:21'),(71,'PURCHASE',133,11,9,4,'2017-11-15 01:45:21'),(72,'PURCHASE',159,13,5,3,'2017-11-15 01:45:48'),(73,'BONUS',20,0,4,6,'2017-11-15 01:50:47'),(74,'BONUS',30,0,4,6,'2017-11-15 01:50:47'),(75,'PURCHASE',133,4,0,6,'2017-11-15 01:50:47'),(76,'BONUS',20,0,3,7,'2017-11-15 01:57:37'),(77,'PURCHASE',133,3,14,7,'2017-11-15 01:57:37'),(78,'BONUS',20,0,10,6,'2017-11-15 01:58:31'),(79,'PURCHASE',133,10,4,6,'2017-11-15 01:58:31'),(80,'PURCHASE',133,14,3,7,'2017-11-15 01:58:52'),(81,'PURCHASE',133,2,13,1,'2017-11-15 01:59:42'),(82,'BONUS',20,0,15,10,'2017-11-15 01:59:56'),(83,'PURCHASE',133,15,14,10,'2017-11-15 01:59:56'),(84,'BONUS',20,0,7,7,'2017-11-15 02:00:28'),(85,'PURCHASE',146,7,14,7,'2017-11-15 02:00:28'),(86,'PURCHASE',175,13,5,2,'2017-11-15 02:00:36'),(87,'BONUS',20,0,6,11,'2017-11-15 02:02:36'),(88,'PURCHASE',146,6,7,11,'2017-11-15 02:02:36'),(89,'BONUS',20,0,1,6,'2017-11-15 02:10:40'),(90,'PURCHASE',146,1,10,6,'2017-11-15 02:10:40'),(91,'BONUS',20,0,8,10,'2017-11-15 02:18:27'),(92,'PURCHASE',146,8,15,10,'2017-11-15 02:18:27'),(93,'BONUS',20,0,4,5,'2017-11-15 02:24:24'),(94,'PURCHASE',146,4,12,5,'2017-11-15 02:24:24'),(95,'BONUS',20,0,10,7,'2017-11-15 02:27:42'),(96,'PURCHASE',146,10,7,7,'2017-11-15 02:27:42'),(97,'BONUS',20,0,14,6,'2017-11-15 02:29:17'),(98,'PURCHASE',146,14,1,6,'2017-11-15 02:29:17'),(99,'PURCHASE',146,1,14,6,'2017-11-15 02:29:28'),(100,'BONUS',20,0,2,4,'2017-11-15 02:29:49'),(101,'PURCHASE',146,2,11,4,'2017-11-15 02:29:49'),(102,'BONUS',20,0,15,11,'2017-11-15 02:29:58'),(103,'PURCHASE',146,15,6,11,'2017-11-15 02:29:58'),(104,'BONUS',20,0,9,5,'2017-11-15 02:30:08'),(105,'PURCHASE',146,9,4,5,'2017-11-15 02:30:08'),(106,'PURCHASE',161,14,1,6,'2017-11-15 02:30:55'),(107,'BONUS',20,0,6,10,'2017-11-15 02:51:22'),(108,'PURCHASE',161,6,8,10,'2017-11-15 02:51:22'),(109,'PURCHASE',161,8,6,10,'2017-11-15 02:51:41'),(110,'BONUS',20,0,7,6,'2017-11-15 02:57:03'),(111,'PURCHASE',161,7,14,6,'2017-11-15 02:57:03'),(112,'BONUS',20,0,3,10,'2017-11-15 02:58:33'),(113,'PURCHASE',161,3,8,10,'2017-11-15 02:58:33'),(114,'BONUS',20,0,13,7,'2017-11-15 02:58:53'),(115,'PURCHASE',161,13,10,7,'2017-11-15 02:58:53'),(116,'BONUS',20,0,14,5,'2017-11-15 02:59:15'),(117,'PURCHASE',161,14,9,5,'2017-11-15 02:59:15'),(118,'BONUS',20,0,11,5,'2017-11-15 02:59:49'),(119,'PURCHASE',161,11,14,5,'2017-11-15 02:59:49'),(120,'BONUS',20,0,5,4,'2017-11-15 03:00:02'),(121,'PURCHASE',161,5,2,4,'2017-11-15 03:00:02'),(122,'BONUS',20,0,9,6,'2017-11-15 03:00:22'),(123,'PURCHASE',161,9,7,6,'2017-11-15 03:00:22'),(124,'BONUS',20,0,12,6,'2017-11-15 03:00:39'),(125,'PURCHASE',161,12,9,6,'2017-11-15 03:00:39'),(126,'PURCHASE',161,15,3,10,'2017-11-15 03:00:51'),(127,'PURCHASE',177,14,11,5,'2017-11-15 03:01:18'),(128,'PURCHASE',177,9,12,6,'2017-11-15 03:02:38'),(129,'PURCHASE',177,8,15,10,'2017-11-15 03:08:10'),(130,'PURCHASE',177,7,9,6,'2017-11-15 03:14:05'),(131,'BONUS',20,0,3,11,'2017-11-15 03:23:16'),(132,'PURCHASE',177,3,15,11,'2017-11-15 03:23:16'),(133,'BONUS',20,0,1,4,'2017-11-15 03:26:40'),(134,'PURCHASE',177,1,5,4,'2017-11-15 03:26:40'),(135,'BONUS',20,0,10,10,'2017-11-15 03:27:46'),(136,'PURCHASE',177,10,8,10,'2017-11-15 03:27:46'),(137,'PURCHASE',177,15,10,10,'2017-11-15 03:29:37'),(138,'BONUS',20,0,11,6,'2017-11-15 03:30:00'),(139,'PURCHASE',177,11,7,6,'2017-11-15 03:30:00'),(140,'PURCHASE',177,9,14,5,'2017-11-15 03:30:10'),(141,'BONUS',20,0,2,3,'2017-11-15 03:35:20'),(142,'PURCHASE',233,2,13,3,'2017-11-15 03:35:20'),(143,'BONUS',20,0,4,4,'2017-11-15 03:43:09'),(144,'PURCHASE',194,4,1,4,'2017-11-15 03:43:09'),(145,'BONUS',20,0,2,2,'2017-11-15 03:54:21'),(146,'PURCHASE',233,2,13,2,'2017-11-15 03:54:21'),(147,'BONUS',20,0,9,7,'2017-11-15 03:59:31'),(148,'PURCHASE',194,9,13,7,'2017-11-15 03:59:31'),(149,'BONUS',20,0,12,4,'2017-11-15 04:00:01'),(150,'PURCHASE',194,12,4,4,'2017-11-15 04:00:01'),(151,'BONUS',20,0,14,4,'2017-11-15 04:00:11'),(152,'PURCHASE',194,14,12,4,'2017-11-15 04:00:11'),(153,'BONUS',20,0,8,8,'2017-11-15 04:00:31'),(154,'PURCHASE',257,8,3,8,'2017-11-15 04:00:31'),(155,'BONUS',20,0,10,11,'2017-11-15 04:14:50'),(156,'PURCHASE',214,10,3,11,'2017-11-15 04:14:50'),(157,'PURCHASE',214,13,9,7,'2017-11-15 04:15:11'),(158,'PURCHASE',214,6,10,10,'2017-11-15 04:25:23'),(159,'BONUS',20,0,7,5,'2017-11-15 04:25:56'),(160,'PURCHASE',214,7,9,5,'2017-11-15 04:25:56'),(161,'BONUS',20,0,11,7,'2017-11-15 04:29:45'),(162,'PURCHASE',214,11,13,7,'2017-11-15 04:29:45'),(163,'BONUS',20,0,1,1,'2017-11-15 04:41:16'),(164,'PURCHASE',235,1,2,1,'2017-11-15 04:41:16'),(165,'BONUS',20,0,13,6,'2017-11-15 04:52:18'),(166,'PURCHASE',235,13,11,6,'2017-11-15 04:52:18'),(167,'PURCHASE',235,10,6,10,'2017-11-15 04:55:46'),(168,'BONUS',20,0,7,3,'2017-11-15 04:58:23'),(169,'PURCHASE',282,7,2,3,'2017-11-15 04:58:23'),(170,'BONUS',20,0,5,5,'2017-11-15 04:59:25'),(171,'PURCHASE',235,5,7,5,'2017-11-15 04:59:25'),(172,'BONUS',20,0,6,8,'2017-11-15 04:59:46'),(173,'PURCHASE',282,6,8,8,'2017-11-15 04:59:46'),(174,'PURCHASE',235,9,11,7,'2017-11-15 05:00:05'),(175,'PURCHASE',259,12,14,4,'2017-11-15 05:11:17'),(176,'PURCHASE',259,14,12,4,'2017-11-15 05:14:09'),(177,'BONUS',20,0,3,3,'2017-11-15 05:26:43'),(178,'PURCHASE',311,3,7,3,'2017-11-15 05:26:43'),(179,'PURCHASE',259,13,9,7,'2017-11-15 05:27:02'),(180,'PURCHASE',311,2,3,3,'2017-11-15 05:29:22'),(181,'BONUS',20,0,7,2,'2017-11-15 05:29:36'),(182,'PURCHASE',311,7,2,2,'2017-11-15 05:29:36'),(183,'BONUS',20,0,15,2,'2017-11-15 05:29:48'),(184,'PURCHASE',311,15,7,2,'2017-11-15 05:29:48'),(185,'BONUS',20,0,6,9,'2017-11-15 05:30:00'),(186,'PURCHASE',311,6,15,9,'2017-11-15 05:30:00'),(187,'BONUS',20,0,9,9,'2017-11-15 05:31:18'),(188,'PURCHASE',342,9,6,9,'2017-11-15 05:31:18'),(189,'PURCHASE',342,7,15,2,'2017-11-15 05:37:24'),(190,'BONUS',20,0,15,3,'2017-11-15 05:46:18'),(191,'PURCHASE',342,15,2,3,'2017-11-15 05:46:18'),(192,'PURCHASE',285,12,14,4,'2017-11-15 05:47:54'),(193,'BONUS',20,0,3,2,'2017-11-15 05:49:59'),(194,'PURCHASE',342,3,7,2,'2017-11-15 05:49:59'),(195,'BONUS',20,0,10,9,'2017-11-15 05:50:18'),(196,'PURCHASE',342,10,9,9,'2017-11-15 05:50:18'),(197,'BONUS',20,0,1,11,'2017-11-15 05:55:44'),(198,'PURCHASE',285,1,10,11,'2017-11-15 05:55:44'),(199,'BONUS',20,0,13,9,'2017-11-15 05:57:21'),(200,'PURCHASE',342,13,10,9,'2017-11-15 05:57:21'),(201,'BONUS',20,0,2,8,'2017-11-15 05:59:22'),(202,'PURCHASE',342,2,6,8,'2017-11-15 05:59:23'),(203,'PURCHASE',342,7,15,3,'2017-11-15 05:59:38'),(204,'BONUS',20,0,11,10,'2017-11-15 05:59:48'),(205,'PURCHASE',285,11,10,10,'2017-11-15 05:59:48'),(206,'PURCHASE',342,15,3,2,'2017-11-15 06:00:00'),(207,'BONUS',20,0,5,7,'2017-11-15 06:00:13'),(208,'PURCHASE',285,5,13,7,'2017-11-15 06:00:13'),(209,'BONUS',20,0,14,1,'2017-11-15 06:00:23'),(210,'PURCHASE',285,14,1,1,'2017-11-15 06:00:23'),(211,'BONUS',20,0,9,8,'2017-11-15 06:00:38'),(212,'PURCHASE',342,9,2,8,'2017-11-15 06:00:38'),(213,'BONUS',20,0,10,8,'2017-11-15 06:11:35'),(214,'PURCHASE',376,10,9,8,'2017-11-15 06:11:35'),(215,'BONUS',20,0,1,10,'2017-11-15 06:17:09'),(216,'PURCHASE',313,1,11,10,'2017-11-15 06:17:09'),(217,'BONUS',20,0,4,1,'2017-11-15 06:22:59'),(218,'PURCHASE',313,4,14,1,'2017-11-15 06:22:59'),(219,'BONUS',20,0,6,3,'2017-11-15 06:26:18'),(220,'PURCHASE',376,6,7,3,'2017-11-15 06:26:18'),(221,'BONUS',20,0,13,8,'2017-11-15 06:29:09'),(222,'PURCHASE',376,13,10,8,'2017-11-15 06:29:09'),(223,'BONUS',20,0,9,2,'2017-11-15 06:29:40'),(224,'PURCHASE',376,9,15,2,'2017-11-15 06:29:40'),(225,'BONUS',20,0,15,7,'2017-11-15 06:30:01'),(226,'PURCHASE',313,15,5,7,'2017-11-15 06:30:01'),(227,'BONUS',20,0,11,11,'2017-11-15 06:30:09'),(228,'PURCHASE',313,11,1,11,'2017-11-15 06:30:09'),(229,'BONUS',20,0,12,1,'2017-11-15 06:30:22'),(230,'PURCHASE',313,12,4,1,'2017-11-15 06:30:22'),(231,'PURCHASE',345,7,5,5,'2017-11-15 06:37:33'),(232,'BONUS',20,0,9,3,'2017-11-15 06:37:47'),(233,'PURCHASE',414,9,6,3,'2017-11-15 06:37:47'),(234,'BONUS',20,0,6,2,'2017-11-15 06:38:04'),(235,'PURCHASE',414,6,9,2,'2017-11-15 06:38:04'),(236,'BONUS',20,0,5,10,'2017-11-15 06:38:58'),(237,'PURCHASE',345,5,1,10,'2017-11-15 06:38:58'),(238,'BONUS',20,0,14,2,'2017-11-15 06:44:30'),(239,'PURCHASE',414,14,6,2,'2017-11-15 06:44:30'),(240,'BONUS',20,0,2,9,'2017-11-15 06:52:14'),(241,'PURCHASE',414,2,13,9,'2017-11-15 06:52:14'),(242,'PURCHASE',345,7,13,6,'2017-11-15 06:53:59'),(243,'BONUS',20,0,3,5,'2017-11-15 06:55:22'),(244,'PURCHASE',345,3,7,5,'2017-11-15 06:55:22'),(245,'BONUS',20,0,12,3,'2017-11-15 06:56:05'),(246,'PURCHASE',414,12,9,3,'2017-11-15 06:56:05'),(247,'PURCHASE',345,4,12,1,'2017-11-15 06:56:32'),(248,'PURCHASE',414,13,12,3,'2017-11-15 06:57:19'),(249,'PURCHASE',414,12,13,3,'2017-11-15 06:58:45'),(250,'PURCHASE',345,10,11,11,'2017-11-15 06:59:01'),(251,'PURCHASE',345,11,5,10,'2017-11-15 06:59:16'),(252,'PURCHASE',345,11,10,11,'2017-11-15 06:59:50'),(253,'PURCHASE',414,13,14,2,'2017-11-15 07:00:00'),(254,'BONUS',20,0,1,3,'2017-11-15 07:00:30'),(255,'PURCHASE',414,1,12,3,'2017-11-15 07:00:30'),(256,'BONUS',20,0,5,11,'2017-11-15 07:00:52'),(257,'PURCHASE',345,5,11,11,'2017-11-15 07:00:52'),(258,'BONUS',20,0,9,1,'2017-11-15 07:01:12'),(259,'PURCHASE',345,9,4,1,'2017-11-15 07:01:12'),(260,'PURCHASE',414,6,13,2,'2017-11-15 07:01:45'),(261,'PURCHASE',345,10,11,10,'2017-11-15 07:02:07'),(262,'PURCHASE',414,15,2,9,'2017-11-15 07:02:23'),(263,'PURCHASE',345,11,10,10,'2017-11-15 07:02:35'),(264,'BONUS',20,0,14,3,'2017-11-15 07:03:25'),(265,'PURCHASE',414,14,1,3,'2017-11-15 07:03:25');
/*!40000 ALTER TABLE `transactions` ENABLE KEYS */;
UNLOCK TABLES;
/*!40103 SET TIME_ZONE=@OLD_TIME_ZONE */;

/*!40101 SET SQL_MODE=@OLD_SQL_MODE */;
/*!40014 SET FOREIGN_KEY_CHECKS=@OLD_FOREIGN_KEY_CHECKS */;
/*!40014 SET UNIQUE_CHECKS=@OLD_UNIQUE_CHECKS */;
/*!40101 SET CHARACTER_SET_CLIENT=@OLD_CHARACTER_SET_CLIENT */;
/*!40101 SET CHARACTER_SET_RESULTS=@OLD_CHARACTER_SET_RESULTS */;
/*!40101 SET COLLATION_CONNECTION=@OLD_COLLATION_CONNECTION */;
/*!40111 SET SQL_NOTES=@OLD_SQL_NOTES */;

-- Dump completed on 2017-11-19  2:21:27
